{
    "turma": "2B",
    "data": "2025-04-24",
    "conteudo": "Gráfico de funções senos",
    "faltas": [
        {
            "id": "36",
            "nome": "Antonio de Freitas Neto"
        },
        {
            "id": "38",
            "nome": "Camilly Santos Mendonça de Souza"
        },
        {
            "id": "40",
            "nome": "Dominique Alves Oliveira"
        },
        {
            "id": "42",
            "nome": "Giovana Milker de Sá"
        },
        {
            "id": "63",
            "nome": "Yasmim de Sousa Sena"
        },
        {
            "id": "64",
            "nome": "Yasmin Abrantes Pereira"
        }
    ]
}