{
    "turma": "2B",
    "data": "2025-05-15",
    "conteudo": "Correção de exercícios de sistemas lineares",
    "faltas": [
        {
            "id": "46",
            "nome": "Isabella Mayara Cavagliero"
        },
        {
            "id": "52",
            "nome": "Mariana Luiza Quirino Bueno"
        },
        {
            "id": "55",
            "nome": "Marianna Karolyna Nogueira do Monte"
        },
        {
            "id": "62",
            "nome": "Vivian de Souza Gomes"
        }
    ]
}