{
    "turma": "2B",
    "data": "2025-04-30",
    "conteudo": "Exercícios de função cosseno",
    "faltas": [
        {
            "id": "42",
            "nome": "Giovana Milker de Sá"
        },
        {
            "id": "43",
            "nome": "Ingrid Muniz de Freitas"
        },
        {
            "id": "44",
            "nome": "Isabella Bugni Domingues"
        },
        {
            "id": "45",
            "nome": "Izabella Colucci da Silva"
        },
        {
            "id": "53",
            "nome": "Mariana Luz Pregnolatto Trainotti"
        },
        {
            "id": "58",
            "nome": "Rebeca Aleixo Gonçalves"
        }
    ]
}