{
    "turma": "3B",
    "data": "2025-04-16",
    "conteudo": "Pontos no plano cartesiano ",
    "faltas": [
        {
            "id": "97",
            "nome": "Amanda Nayra Murayama Soares"
        },
        {
            "id": "98",
            "nome": "Ana Luiza Matias Santana"
        },
        {
            "id": "101",
            "nome": "Enzo Marinho Rosa"
        },
        {
            "id": "102",
            "nome": "Gabriel Henrique Bernardo Campos"
        },
        {
            "id": "109",
            "nome": "Kauan Henrique Moreira dos Santos"
        },
        {
            "id": "110",
            "nome": "Keysi Pereira dos Santos"
        },
        {
            "id": "115",
            "nome": "Maria Luiza Esteves"
        },
        {
            "id": "117",
            "nome": "Matheus da Silva Lizardo Joaquim"
        },
        {
            "id": "119",
            "nome": "Nicole Galvão dos Santos"
        }
    ]
}