{
    "turma": "3B",
    "data": "2025-05-15",
    "conteudo": "",
    "faltas": [
        {
            "id": "96",
            "nome": "Aline Campos Calori"
        },
        {
            "id": "98",
            "nome": "Ana Luiza Matias Santana"
        },
        {
            "id": "102",
            "nome": "Gabriel Henrique Bernardo Campos"
        },
        {
            "id": "103",
            "nome": "Gabrielle da Costa Amorim"
        },
        {
            "id": "111",
            "nome": "Letícia Cristina Ferraz de Souza"
        },
        {
            "id": "115",
            "nome": "Maria Luiza Esteves"
        }
    ]
}