{
    "turma": "3B",
    "data": "2025-03-20",
    "conteudo": "Revisão de logaritmo usado em juros composto",
    "faltas": [
        {
            "id": "98",
            "nome": "Ana Luiza Matias Santana"
        },
        {
            "id": "111",
            "nome": "Letícia Cristina Ferraz de Souza"
        },
        {
            "id": "112",
            "nome": "Lucas Chagas de Andrade"
        },
        {
            "id": "116",
            "nome": "Mariana Tonon Geribóla"
        }
    ]
}